<PAMDataset>
  <Metadata>
    <MDI key="DataType">Thematic</MDI>
  </Metadata>
  <Metadata domain="Esri">
    <MDI key="PyramidResamplingType">NEAREST</MDI>
  </Metadata>
  <PAMRasterBand band="1">
    <Histograms>
      <HistItem>
        <HistMin>-0.5</HistMin>
        <HistMax>7.5</HistMax>
        <BucketCount>8</BucketCount>
        <IncludeOutOfRange>1</IncludeOutOfRange>
        <Approximate>0</Approximate>
        <HistCounts>0|66294|26700|168|5702|16291|1926|3564</HistCounts>
      </HistItem>
    </Histograms>
    <GDALRasterAttributeTable>
      <FieldDefn index="0">
        <Name>Rowid</Name>
        <Type>0</Type>
        <Usage>0</Usage>
      </FieldDefn>
      <FieldDefn index="1">
        <Name>VALUE</Name>
        <Type>0</Type>
        <Usage>0</Usage>
      </FieldDefn>
      <FieldDefn index="2">
        <Name>COUNT</Name>
        <Type>0</Type>
        <Usage>0</Usage>
      </FieldDefn>
      <FieldDefn index="3">
        <Name>TYPE</Name>
        <Type>2</Type>
        <Usage>0</Usage>
      </FieldDefn>
      <Row index="0">
        <F>0</F>
        <F>1</F>
        <F>66294</F>
        <F>1</F>
      </Row>
      <Row index="1">
        <F>1</F>
        <F>2</F>
        <F>26700</F>
        <F>2</F>
      </Row>
      <Row index="2">
        <F>2</F>
        <F>3</F>
        <F>168</F>
        <F>3</F>
      </Row>
      <Row index="3">
        <F>3</F>
        <F>4</F>
        <F>5702</F>
        <F>4</F>
      </Row>
      <Row index="4">
        <F>4</F>
        <F>5</F>
        <F>16291</F>
        <F>5</F>
      </Row>
      <Row index="5">
        <F>5</F>
        <F>6</F>
        <F>1926</F>
        <F>6</F>
      </Row>
      <Row index="6">
        <F>6</F>
        <F>7</F>
        <F>3564</F>
        <F>7</F>
      </Row>
    </GDALRasterAttributeTable>
    <Metadata>
      <MDI key="RepresentationType">THEMATIC</MDI>
      <MDI key="STATISTICS_COVARIANCES">2.922618333264402</MDI>
      <MDI key="STATISTICS_EXCLUDEDVALUES"></MDI>
      <MDI key="STATISTICS_MAXIMUM">7</MDI>
      <MDI key="STATISTICS_MEAN">2.1630817688259</MDI>
      <MDI key="STATISTICS_MINIMUM">1</MDI>
      <MDI key="STATISTICS_SKIPFACTORX">1</MDI>
      <MDI key="STATISTICS_SKIPFACTORY">1</MDI>
      <MDI key="STATISTICS_STDDEV">1.7095667092174</MDI>
    </Metadata>
  </PAMRasterBand>
</PAMDataset>
